{"cameraMode":{"drawMode":0,"name":"Shaded","section":"Shading Mode"},"sceneLighting":true,"audioPlay":false,"sceneViewState":{"m_AlwaysRefresh":false,"showFog":true,"showSkybox":true,"showFlares":true,"showImageEffects":true,"showParticleSystems":true,"showVisualEffectGraphs":true,"m_FxEnabled":true},"in2DMode":false,"pivot":{"x":179.29653930664063,"y":30.54155158996582,"z":132.33529663085938},"rotation":{"x":-0.1222870796918869,"y":0.23814477026462556,"z":-0.030289076268672944,"w":-0.9630811214447022},"size":33.186378479003909,"orthographic":false}