{"cameraMode":{"drawMode":0,"name":"Shaded","section":"Shading Mode"},"sceneLighting":true,"audioPlay":false,"sceneViewState":{"m_AlwaysRefresh":false,"showFog":true,"showSkybox":true,"showFlares":true,"showImageEffects":true,"showParticleSystems":true,"showVisualEffectGraphs":true,"m_FxEnabled":true},"in2DMode":false,"pivot":{"x":76.24116516113281,"y":-2.1542959213256838,"z":212.89834594726563},"rotation":{"x":0.03870357200503349,"y":-0.1729947328567505,"z":0.006795454304665327,"w":0.9841331243515015},"size":53.590389251708987,"orthographic":false}